Entity,Day,"Daily new confirmed cases of COVID-19 per million people (rolling 7-day average, right-aligned)"
Pakistan,2020-03-01,0.0011723987
Pakistan,2020-03-02,0.0023447974
Pakistan,2020-03-03,0.0023447974
Pakistan,2020-03-04,0.0023447974
Pakistan,2020-03-05,0.0029309967
Pakistan,2020-03-06,0.001758598
Pakistan,2020-03-07,0.001758598
Pakistan,2020-03-08,0.0023447974
Pakistan,2020-03-09,0.0011723987
Pakistan,2020-03-10,0.0011723987
Pakistan,2020-03-11,0.001758598
Pakistan,2020-03-12,0.006448193
Pakistan,2020-03-13,0.008206791
Pakistan,2020-03-14,0.00879299
Pakistan,2020-03-15,0.00879299
Pakistan,2020-03-16,0.012896386
Pakistan,2020-03-17,0.014654984
Pakistan,2020-03-18,0.02696517
Pakistan,2020-03-19,0.10024009
Pakistan,2020-03-20,0.13013625
Pakistan,2020-03-21,0.16530822
Pakistan,2020-03-22,0.25792772
Pakistan,2020-03-23,0.2737551
Pakistan,2020-03-24,0.3605126
Pakistan,2020-03-25,0.42851174
Pakistan,2020-03-26,0.41033953
Pakistan,2020-03-27,0.43964952
Pakistan,2020-03-28,0.44258052
Pakistan,2020-03-29,0.4537183
Pakistan,2020-03-30,0.5352
Pakistan,2020-03-31,0.51585543
Pakistan,2020-04-01,0.49299365
Pakistan,2020-04-02,0.573303
Pakistan,2020-04-03,0.6143369
Pakistan,2020-04-04,0.72337
Pakistan,2020-04-05,0.71223223
Pakistan,2020-04-06,0.76205915
Pakistan,2020-04-07,0.8986436
Pakistan,2020-04-08,1.1020548
Pakistan,2020-04-09,1.2544667
Pakistan,2020-04-10,1.2591562
Pakistan,2020-04-11,1.2884662
Pakistan,2020-04-12,1.3160175
Pakistan,2020-04-13,1.3500171
Pakistan,2020-04-14,1.2726388
Pakistan,2020-04-15,1.167123
Pakistan,2020-04-16,1.0739173
Pakistan,2020-04-17,1.2872938
Pakistan,2020-04-18,1.4244645
Pakistan,2020-04-19,1.3658445
Pakistan,2020-04-20,1.5399457
Pakistan,2020-04-21,1.8277695
Pakistan,2020-04-22,1.7128745
Pakistan,2020-04-23,2.1853511
Pakistan,2020-04-24,2.1648343
Pakistan,2020-04-25,2.4256928
Pakistan,2020-04-26,2.8811698
Pakistan,2020-04-27,2.934514
Pakistan,2020-04-28,2.9192727
Pakistan,2020-04-29,3.2223377
Pakistan,2020-04-30,2.958548
Pakistan,2020-05-01,3.1613731
Pakistan,2020-05-02,3.1748557
Pakistan,2020-05-03,3.375922
Pakistan,2020-05-04,3.7387795
Pakistan,2020-05-05,3.960363
Pakistan,2020-05-06,4.1186366
Pakistan,2020-05-07,4.359565
Pakistan,2020-05-08,4.540114
Pakistan,2020-05-09,4.789835
Pakistan,2020-05-10,5.1210375
Pakistan,2020-05-11,5.6943407
Pakistan,2020-05-12,6.0085435
Pakistan,2020-05-13,5.8619933
Pakistan,2020-05-14,6.2283683
Pakistan,2020-05-15,7.083633
Pakistan,2020-05-16,6.5326056
Pakistan,2020-05-17,6.3209877
Pakistan,2020-05-18,5.898924
Pakistan,2020-05-19,5.7547193
Pakistan,2020-05-20,6.5560536
Pakistan,2020-05-21,6.619363
Pakistan,2020-05-22,7.4992485
Pakistan,2020-05-23,7.2120104
Pakistan,2020-05-24,8.921368
Pakistan,2020-05-25,9.263123
Pakistan,2020-05-26,9.495257
Pakistan,2020-05-27,9.132986
Pakistan,2020-05-28,8.901437
Pakistan,2020-05-29,7.7003145
Pakistan,2020-05-30,9.342259
Pakistan,2020-05-31,8.218514
Pakistan,2020-06-01,8.73144
Pakistan,2020-06-02,9.444258
Pakistan,2020-06-03,10.957825
Pakistan,2020-06-04,12.49308
Pakistan,2020-06-05,14.090474
Pakistan,2020-06-06,14.7845335
Pakistan,2020-06-07,16.135723
Pakistan,2020-06-08,17.261812
Pakistan,2020-06-09,18.295868
Pakistan,2020-06-10,18.710897
Pakistan,2020-06-11,19.48468
Pakistan,2020-06-12,20.090223
Pakistan,2020-06-13,21.262623
Pakistan,2020-06-14,22.522951
Pakistan,2020-06-15,23.616213
Pakistan,2020-06-16,23.921038
Pakistan,2020-06-17,23.802038
Pakistan,2020-06-18,24.068172
Pakistan,2020-06-19,23.789143
Pakistan,2020-06-20,23.17891
Pakistan,2020-06-21,23.014772
Pakistan,2020-06-22,21.916235
Pakistan,2020-06-23,21.460758
Pakistan,2020-06-24,21.169416
Pakistan,2020-06-25,20.028088
Pakistan,2020-06-26,19.25782
Pakistan,2020-06-27,17.986355
Pakistan,2020-06-28,15.954588
Pakistan,2020-06-29,15.439319
Pakistan,2020-06-30,14.903532
Pakistan,2020-07-01,14.246403
Pakistan,2020-07-02,14.387677
Pakistan,2020-07-03,14.560606
Pakistan,2020-07-04,15.3296995
Pakistan,2020-07-05,15.475663
Pakistan,2020-07-06,14.959221
Pakistan,2020-07-07,14.834361
Pakistan,2020-07-08,14.75581
Pakistan,2020-07-09,14.079923
Pakistan,2020-07-10,13.505446
Pakistan,2020-07-11,12.720526
Pakistan,2020-07-12,12.350048
Pakistan,2020-07-13,11.957294
Pakistan,2020-07-14,11.61085
Pakistan,2020-07-15,11.193477
Pakistan,2020-07-16,10.715724
Pakistan,2020-07-17,10.004078
Pakistan,2020-07-18,9.615428
Pakistan,2020-07-19,9.124779
Pakistan,2020-07-20,8.572579
Pakistan,2020-07-21,7.889071
Pakistan,2020-07-22,7.322802
Pakistan,2020-07-23,6.8344984
Pakistan,2020-07-24,6.61057
Pakistan,2020-07-25,6.0970592
Pakistan,2020-07-26,5.8444076
Pakistan,2020-07-27,5.6374793
Pakistan,2020-07-28,5.396551
Pakistan,2020-07-29,5.3514137
Pakistan,2020-07-30,5.193726
Pakistan,2020-07-31,4.813283
Pakistan,2020-08-01,4.633906
Pakistan,2020-08-02,4.255221
Pakistan,2020-08-03,3.860709
Pakistan,2020-08-04,3.3647842
Pakistan,2020-08-05,3.0693398
Pakistan,2020-08-06,2.8418944
Pakistan,2020-08-07,2.6150353
Pakistan,2020-08-08,2.5441053
Pakistan,2020-08-09,2.5446913
Pakistan,2020-08-10,2.5921736
Pakistan,2020-08-11,2.7146893
Pakistan,2020-08-12,2.772723
Pakistan,2020-08-13,2.8049638
Pakistan,2020-08-14,2.820205
Pakistan,2020-08-15,2.7287579
Pakistan,2020-08-16,2.673069
Pakistan,2020-08-17,2.6941721
Pakistan,2020-08-18,2.6701381
Pakistan,2020-08-19,2.7205513
Pakistan,2020-08-20,2.6519659
Pakistan,2020-08-21,2.511278
Pakistan,2020-08-22,2.5136228
Pakistan,2020-08-23,2.4192448
Pakistan,2020-08-24,2.372935
Pakistan,2020-08-25,2.3717625
Pakistan,2020-08-26,2.2738674
Pakistan,2020-08-27,2.1970751
Pakistan,2020-08-28,2.1572137
Pakistan,2020-08-29,2.0311809
Pakistan,2020-08-30,1.8746655
Pakistan,2020-08-31,1.6829784
Pakistan,2020-09-01,1.5170839
Pakistan,2020-09-02,1.429154
Pakistan,2020-09-03,1.4051199
Pakistan,2020-09-04,1.3928096
Pakistan,2020-09-05,1.4414642
Pakistan,2020-09-06,1.5551869
Pakistan,2020-09-07,1.6841507
Pakistan,2020-09-08,1.7902528
Pakistan,2020-09-09,1.8078388
Pakistan,2020-09-10,1.7990458
Pakistan,2020-09-11,1.6653924
Pakistan,2020-09-12,1.675944
Pakistan,2020-09-13,1.7175641
Pakistan,2020-09-14,1.7421845
Pakistan,2020-09-15,1.8271834
Pakistan,2020-09-16,1.8705621
Pakistan,2020-09-17,2.0106637
Pakistan,2020-09-18,2.2152474
Pakistan,2020-09-19,2.3535905
Pakistan,2020-09-20,2.3893485
Pakistan,2020-09-21,2.4561753
Pakistan,2020-09-22,2.511278
Pakistan,2020-09-23,2.6156216
Pakistan,2020-09-24,2.537657
Pakistan,2020-09-25,2.6865516
Pakistan,2020-09-26,2.7135167
Pakistan,2020-09-27,2.667207
Pakistan,2020-09-28,2.6988618
Pakistan,2020-09-29,2.6595864
Pakistan,2020-09-30,2.714103
Pakistan,2020-10-01,2.8401358
Pakistan,2020-10-02,2.6900687
Pakistan,2020-10-03,2.5886564
Pakistan,2020-10-04,2.5810359
Pakistan,2020-10-05,2.5446913
Pakistan,2020-10-06,2.590415
Pakistan,2020-10-07,2.4684854
Pakistan,2020-10-08,2.396383
Pakistan,2020-10-09,2.419831
Pakistan,2020-10-10,2.4409342
Pakistan,2020-10-11,2.5101056
Pakistan,2020-10-12,2.5300364
Pakistan,2020-10-13,2.3782108
Pakistan,2020-10-14,2.4157276
Pakistan,2020-10-15,2.4104517
Pakistan,2020-10-16,2.511278
Pakistan,2020-10-17,2.4714165
Pakistan,2020-10-18,2.4538305
Pakistan,2020-10-19,2.3957968
Pakistan,2020-10-20,2.4280376
Pakistan,2020-10-21,2.4831405
Pakistan,2020-10-22,2.5095193
Pakistan,2020-10-23,2.4983816
Pakistan,2020-10-24,2.5822082
Pakistan,2020-10-25,2.7029653
Pakistan,2020-10-26,2.858308
Pakistan,2020-10-27,3.0148232
Pakistan,2020-10-28,3.1015809
Pakistan,2020-10-29,3.1983037
Pakistan,2020-10-30,3.29913
Pakistan,2020-10-31,3.4996102
Pakistan,2020-11-01,3.4761622
Pakistan,2020-11-02,3.561161
Pakistan,2020-11-03,3.80502
Pakistan,2020-11-04,4.0359826
Pakistan,2020-11-05,4.3220477
Pakistan,2020-11-06,4.5530105
Pakistan,2020-11-07,4.727698
Pakistan,2020-11-08,5.135106
Pakistan,2020-11-09,5.404172
Pakistan,2020-11-10,5.713099
Pakistan,2020-11-11,5.9886127
Pakistan,2020-11-12,6.2201614
Pakistan,2020-11-13,6.516778
Pakistan,2020-11-14,7.060771
Pakistan,2020-11-15,7.4494214
Pakistan,2020-11-16,8.039724
Pakistan,2020-11-17,8.319927
Pakistan,2020-11-18,8.562028
Pakistan,2020-11-19,8.907886
Pakistan,2020-11-20,9.341086
Pakistan,2020-11-21,9.595497
Pakistan,2020-11-22,9.99294
Pakistan,2020-11-23,10.123076
Pakistan,2020-11-24,10.49121
Pakistan,2020-11-25,11.021134
Pakistan,2020-11-26,11.437922
Pakistan,2020-11-27,11.882847
Pakistan,2020-11-28,12.102672
Pakistan,2020-11-29,12.221084
Pakistan,2020-11-30,12.317221
Pakistan,2020-12-01,12.365875
Pakistan,2020-12-02,12.07512
Pakistan,2020-12-03,11.9696045
Pakistan,2020-12-04,12.082741
Pakistan,2020-12-05,12.170085
Pakistan,2020-12-06,12.213464
Pakistan,2020-12-07,12.494253
Pakistan,2020-12-08,12.989005
Pakistan,2020-12-09,13.239312
Pakistan,2020-12-10,13.317863
Pakistan,2020-12-11,13.106245
Pakistan,2020-12-12,12.980212
Pakistan,2020-12-13,12.751595
Pakistan,2020-12-14,12.787353
Pakistan,2020-12-15,12.012983
Pakistan,2020-12-16,11.763263
Pakistan,2020-12-17,11.627264
Pakistan,2020-12-18,11.279648
Pakistan,2020-12-19,11.2356825
Pakistan,2020-12-20,11.499473
Pakistan,2020-12-21,11.057478
Pakistan,2020-12-22,10.723345
Pakistan,2020-12-23,10.280765
Pakistan,2020-12-24,9.9354925
Pakistan,2020-12-25,9.766081
Pakistan,2020-12-26,9.285398
Pakistan,2020-12-27,8.74668
Pakistan,2020-12-28,8.299996
Pakistan,2020-12-29,8.406685
Pakistan,2020-12-30,8.448892
Pakistan,2020-12-31,8.4565115
Pakistan,2021-01-01,8.584889
Pakistan,2021-01-02,8.767198
Pakistan,2021-01-03,8.722647
Pakistan,2021-01-04,8.968264
Pakistan,2021-01-05,8.921954
Pakistan,2021-01-06,9.022194
Pakistan,2021-01-07,8.999919
Pakistan,2021-01-08,9.004022
Pakistan,2021-01-09,8.987609
Pakistan,2021-01-10,8.883851
Pakistan,2021-01-11,9.251398
Pakistan,2021-01-12,9.240847
Pakistan,2021-01-13,9.511085
Pakistan,2021-01-14,9.514602
Pakistan,2021-01-15,9.875114
Pakistan,2021-01-16,9.864563
Pakistan,2021-01-17,10.113697
Pakistan,2021-01-18,9.892114
Pakistan,2021-01-19,9.91732
Pakistan,2021-01-20,9.560911
Pakistan,2021-01-21,9.355155
Pakistan,2021-01-22,8.924885
Pakistan,2021-01-23,8.530959
Pakistan,2021-01-24,8.234928
Pakistan,2021-01-25,7.6915216
Pakistan,2021-01-26,7.5209374
Pakistan,2021-01-27,7.5637302
Pakistan,2021-01-28,7.4412146
Pakistan,2021-01-29,7.1756663
Pakistan,2021-01-30,7.1164603
Pakistan,2021-01-31,7.266527
Pakistan,2021-02-01,7.2694583
Pakistan,2021-02-02,7.2612514
Pakistan,2021-02-03,6.8784633
Pakistan,2021-02-04,6.7735333
Pakistan,2021-02-05,6.5378814
Pakistan,2021-02-06,6.3374014
Pakistan,2021-02-07,5.81158
Pakistan,2021-02-08,5.663272
Pakistan,2021-02-09,5.3244486
Pakistan,2021-02-10,5.2001743
Pakistan,2021-02-11,5.01728
Pakistan,2021-02-12,5.013763
Pakistan,2021-02-13,4.9950047
Pakistan,2021-02-14,4.980936
Pakistan,2021-02-15,5.0149355
Pakistan,2021-02-16,5.021384
Pakistan,2021-02-17,4.868386
Pakistan,2021-02-18,4.922902
Pakistan,2021-02-19,4.7880764
Pakistan,2021-02-20,4.7734213
Pakistan,2021-02-21,4.8191447
Pakistan,2021-02-22,4.774594
Pakistan,2021-02-23,4.840248
Pakistan,2021-02-24,5.0178666
Pakistan,2021-02-25,5.0360384
Pakistan,2021-02-26,5.0882106
Pakistan,2021-02-27,5.2617254
Pakistan,2021-02-28,5.2470703
Pakistan,2021-03-01,5.157968
Pakistan,2021-03-02,5.2939663
Pakistan,2021-03-03,5.360207
Pakistan,2021-03-04,5.4727573
Pakistan,2021-03-05,5.5653768
Pakistan,2021-03-06,5.587652
Pakistan,2021-03-07,5.8215456
Pakistan,2021-03-08,6.17561
Pakistan,2021-03-09,6.29285
Pakistan,2021-03-10,6.4042277
Pakistan,2021-03-11,6.637535
Pakistan,2021-03-12,7.0707364
Pakistan,2021-03-13,7.728452
Pakistan,2021-03-14,8.09424
Pakistan,2021-03-15,8.612441
Pakistan,2021-03-16,8.999919
Pakistan,2021-03-17,9.678738
Pakistan,2021-03-18,10.00994
Pakistan,2021-03-19,10.735068
Pakistan,2021-03-20,11.173546
Pakistan,2021-03-21,12.07512
Pakistan,2021-03-22,12.663078
Pakistan,2021-03-23,13.493136
Pakistan,2021-03-24,13.938062
Pakistan,2021-03-25,14.494951
Pakistan,2021-03-26,14.759327
Pakistan,2021-03-27,15.298044
Pakistan,2021-03-28,15.645075
Pakistan,2021-03-29,16.289894
Pakistan,2021-03-30,16.791681
Pakistan,2021-03-31,17.268847
Pakistan,2021-04-01,18.122353
Pakistan,2021-04-02,18.724966
Pakistan,2021-04-03,19.232615
Pakistan,2021-04-04,19.382095
Pakistan,2021-04-05,19.530403
Pakistan,2021-04-06,19.411991
Pakistan,2021-04-07,19.3352
Pakistan,2021-04-08,18.893791
Pakistan,2021-04-09,19.101892
Pakistan,2021-04-10,19.147615
Pakistan,2021-04-11,19.391474
Pakistan,2021-04-12,19.409061
Pakistan,2021-04-13,19.56206
Pakistan,2021-04-14,19.671679
Pakistan,2021-04-15,20.068535
Pakistan,2021-04-16,20.107224
Pakistan,2021-04-17,20.137707
Pakistan,2021-04-18,20.042156
Pakistan,2021-04-19,20.673492
Pakistan,2021-04-20,21.006454
Pakistan,2021-04-21,21.771444
Pakistan,2021-04-22,22.250956
Pakistan,2021-04-23,22.521778
Pakistan,2021-04-24,22.818396
Pakistan,2021-04-25,23.364735
Pakistan,2021-04-26,23.062254
Pakistan,2021-04-27,22.870567
Pakistan,2021-04-28,22.308989
Pakistan,2021-04-29,22.187645
Pakistan,2021-04-30,21.966648
Pakistan,2021-05-01,21.522308
Pakistan,2021-05-02,20.811836
Pakistan,2021-05-03,20.110155
Pakistan,2021-05-04,19.7514
Pakistan,2021-05-05,19.10072
Pakistan,2021-05-06,18.409004
Pakistan,2021-05-07,17.657497
Pakistan,2021-05-08,17.18033
Pakistan,2021-05-09,16.836819
Pakistan,2021-05-10,16.468098
Pakistan,2021-05-11,16.01907
Pakistan,2021-05-12,15.854347
Pakistan,2021-05-13,15.125702
Pakistan,2021-05-14,14.578778
Pakistan,2021-05-15,13.534757
Pakistan,2021-05-16,12.022948
Pakistan,2021-05-17,11.198752
Pakistan,2021-05-18,11.07272
Pakistan,2021-05-19,10.762033
Pakistan,2021-05-20,10.988893
Pakistan,2021-05-21,11.541093
Pakistan,2021-05-22,11.865261
Pakistan,2021-05-23,13.31669
Pakistan,2021-05-24,13.722341
Pakistan,2021-05-25,13.621514
Pakistan,2021-05-26,13.438034
Pakistan,2021-05-27,13.126176
Pakistan,2021-05-28,12.258015
Pakistan,2021-05-29,11.913329
Pakistan,2021-05-30,11.003548
Pakistan,2021-05-31,10.784309
Pakistan,2021-06-01,10.2315235
Pakistan,2021-06-02,9.948976
Pakistan,2021-06-03,9.432534
Pakistan,2021-06-04,9.023367
Pakistan,2021-06-05,8.678095
Pakistan,2021-06-06,8.366237
Pakistan,2021-06-07,7.740176
Pakistan,2021-06-08,7.372629
Pakistan,2021-06-09,7.145184
Pakistan,2021-06-10,6.7201896
Pakistan,2021-06-11,6.2951946
Pakistan,2021-06-12,5.949337
Pakistan,2021-06-13,5.521998
Pakistan,2021-06-14,5.2933803
Pakistan,2021-06-15,5.01728
Pakistan,2021-06-16,4.6978016
Pakistan,2021-06-17,4.6509056
Pakistan,2021-06-18,4.543045
Pakistan,2021-06-19,4.390633
Pakistan,2021-06-20,4.2716346
Pakistan,2021-06-21,4.160843
Pakistan,2021-06-22,4.0951886
Pakistan,2021-06-23,3.9926038
Pakistan,2021-06-24,3.9292943
Pakistan,2021-06-25,3.9163978
Pakistan,2021-06-26,3.9216738
Pakistan,2021-06-27,3.8829844
Pakistan,2021-06-28,3.7956407
Pakistan,2021-06-29,3.7997441
Pakistan,2021-06-30,3.8419507
Pakistan,2021-07-01,3.8706744
Pakistan,2021-07-02,3.8355024
Pakistan,2021-07-03,3.9673972
Pakistan,2021-07-04,4.245842
Pakistan,2021-07-05,4.437529
Pakistan,2021-07-06,4.6913533
Pakistan,2021-07-07,4.747042
Pakistan,2021-07-08,5.0624175
Pakistan,2021-07-09,5.407689
Pakistan,2021-07-10,5.7394776
Pakistan,2021-07-11,5.990371
Pakistan,2021-07-12,6.431193
Pakistan,2021-07-13,6.701431
Pakistan,2021-07-14,7.1469426
Pakistan,2021-07-15,7.4183526
Pakistan,2021-07-16,7.95707
Pakistan,2021-07-17,8.24079
Pakistan,2021-07-18,9.006367
Pakistan,2021-07-19,9.373914
Pakistan,2021-07-20,9.751426
Pakistan,2021-07-21,10.076767
Pakistan,2021-07-22,10.4279
Pakistan,2021-07-23,10.201041
Pakistan,2021-07-24,9.672289
Pakistan,2021-07-25,8.914333
Pakistan,2021-07-26,9.038608
Pakistan,2021-07-27,9.800667
Pakistan,2021-07-28,10.455452
Pakistan,2021-07-29,11.358198
Pakistan,2021-07-30,12.729319
Pakistan,2021-07-31,14.553572
Pakistan,2021-08-01,16.376064
Pakistan,2021-08-02,17.669807
Pakistan,2021-08-03,18.318144
Pakistan,2021-08-04,18.505728
Pakistan,2021-08-05,18.859205
Pakistan,2021-08-06,19.541542
Pakistan,2021-08-07,19.663471
Pakistan,2021-08-08,19.528645
Pakistan,2021-08-09,19.193926
Pakistan,2021-08-10,18.714415
Pakistan,2021-08-11,18.891447
Pakistan,2021-08-12,18.969997
Pakistan,2021-08-13,18.54383
Pakistan,2021-08-14,18.469969
Pakistan,2021-08-15,18.508657
Pakistan,2021-08-16,18.072527
Pakistan,2021-08-17,17.855045
Pakistan,2021-08-18,17.466396
Pakistan,2021-08-19,16.949368
Pakistan,2021-08-20,16.62051
Pakistan,2021-08-21,15.811555
Pakistan,2021-08-22,14.813844
Pakistan,2021-08-23,14.8906355
Pakistan,2021-08-24,14.9510145
Pakistan,2021-08-25,15.451629
Pakistan,2021-08-26,15.583524
Pakistan,2021-08-27,15.689039
Pakistan,2021-08-28,16.167965
Pakistan,2021-08-29,16.766474
Pakistan,2021-08-30,16.80575
Pakistan,2021-08-31,16.822163
Pakistan,2021-09-01,16.683233
Pakistan,2021-09-02,16.313929
Pakistan,2021-09-03,16.050138
Pakistan,2021-09-04,15.89245
Pakistan,2021-09-05,15.819176
Pakistan,2021-09-06,15.724212
Pakistan,2021-09-07,15.614593
Pakistan,2021-09-08,15.308596
Pakistan,2021-09-09,15.5038
Pakistan,2021-09-10,15.479766
Pakistan,2021-09-11,15.422318
Pakistan,2021-09-12,15.129219
Pakistan,2021-09-13,14.781016
Pakistan,2021-09-14,14.414642
Pakistan,2021-09-15,13.979682
Pakistan,2021-09-16,13.290898
Pakistan,2021-09-17,12.675388
Pakistan,2021-09-18,12.229291
Pakistan,2021-09-19,11.66185
Pakistan,2021-09-20,11.325957
Pakistan,2021-09-21,10.844688
Pakistan,2021-09-22,10.447831
Pakistan,2021-09-23,10.216868
Pakistan,2021-09-24,9.832908
Pakistan,2021-09-25,9.425499
Pakistan,2021-09-26,9.160538
Pakistan,2021-09-27,8.691578
Pakistan,2021-09-28,8.451236
Pakistan,2021-09-29,8.159895
Pakistan,2021-09-30,7.706763
Pakistan,2021-10-01,7.34625
Pakistan,2021-10-02,6.864394
Pakistan,2021-10-03,6.6322594
Pakistan,2021-10-04,6.559571
Pakistan,2021-10-05,6.4030557
Pakistan,2021-10-06,6.3491254
Pakistan,2021-10-07,6.145128
Pakistan,2021-10-08,5.975716
Pakistan,2021-10-09,5.6832027
Pakistan,2021-10-10,5.267587
Pakistan,2021-10-11,4.746456
Pakistan,2021-10-12,4.461563
Pakistan,2021-10-13,4.098706
Pakistan,2021-10-14,3.9867418
Pakistan,2021-10-15,3.7305727
Pakistan,2021-10-16,3.8325713
Pakistan,2021-10-17,3.796227
Pakistan,2021-10-18,3.7686756
Pakistan,2021-10-19,3.5687816
Pakistan,2021-10-20,3.5183685
Pakistan,2021-10-21,3.2446134
Pakistan,2021-10-22,3.013651
Pakistan,2021-10-23,2.7094133
Pakistan,2021-10-24,2.5095193
Pakistan,2021-10-25,2.4338996
Pakistan,2021-10-26,2.4544168
Pakistan,2021-10-27,2.4362445
Pakistan,2021-10-28,2.413969
Pakistan,2021-10-29,2.4626234
Pakistan,2021-10-30,2.51714
Pakistan,2021-10-31,2.579277
Pakistan,2021-11-01,2.6625175
Pakistan,2021-11-02,2.5358984
Pakistan,2021-11-03,2.4684854
Pakistan,2021-11-04,2.4948645
Pakistan,2021-11-05,2.4215896
Pakistan,2021-11-06,2.3365905
Pakistan,2021-11-07,2.2832465
Pakistan,2021-11-08,2.1296623
Pakistan,2021-11-09,2.1103177
Pakistan,2021-11-10,2.0769043
Pakistan,2021-11-11,2.0728009
Pakistan,2021-11-12,2.1062143
Pakistan,2021-11-13,2.0335255
Pakistan,2021-11-14,1.8365625
Pakistan,2021-11-15,1.7146331
Pakistan,2021-11-16,1.5921174
Pakistan,2021-11-17,1.4842567
Pakistan,2021-11-18,1.3177761
Pakistan,2021-11-19,1.2140188
Pakistan,2021-11-20,1.2298462
Pakistan,2021-11-21,1.2814318
Pakistan,2021-11-22,1.3107418
Pakistan,2021-11-23,1.3588101
Pakistan,2021-11-24,1.4168438
Pakistan,2021-11-25,1.464326
Pakistan,2021-11-26,1.4074646
Pakistan,2021-11-27,1.3101555
Pakistan,2021-11-28,1.3640859
Pakistan,2021-11-29,1.3582239
Pakistan,2021-11-30,1.2726388
Pakistan,2021-12-01,1.3664306
Pakistan,2021-12-02,1.4033612
Pakistan,2021-12-03,1.411568
Pakistan,2021-12-04,1.4930497
Pakistan,2021-12-05,1.5047737
Pakistan,2021-12-06,1.5452214
Pakistan,2021-12-07,1.6390134
Pakistan,2021-12-08,1.4965669
Pakistan,2021-12-09,1.4356022
Pakistan,2021-12-10,1.4197748
Pakistan,2021-12-11,1.3740513
Pakistan,2021-12-12,1.3529481
Pakistan,2021-12-13,1.3037074
Pakistan,2021-12-14,1.249777
Pakistan,2021-12-15,1.2603287
Pakistan,2021-12-16,1.2955005
Pakistan,2021-12-17,1.2667768
Pakistan,2021-12-18,1.2456737
Pakistan,2021-12-19,1.2233981
Pakistan,2021-12-20,1.2069845
Pakistan,2021-12-21,1.2743974
Pakistan,2021-12-22,1.2861214
Pakistan,2021-12-23,1.2509494
Pakistan,2021-12-24,1.284949
Pakistan,2021-12-25,1.3113279
Pakistan,2021-12-26,1.3089832
Pakistan,2021-12-27,1.3670169
Pakistan,2021-12-28,1.3177761
Pakistan,2021-12-29,1.3447413
Pakistan,2021-12-30,1.3670169
Pakistan,2021-12-31,1.4391195
Pakistan,2022-01-01,1.5522559
Pakistan,2022-01-02,1.6718405
Pakistan,2022-01-03,1.8095974
Pakistan,2022-01-04,2.0634217
Pakistan,2022-01-05,2.2474883
Pakistan,2022-01-06,2.569898
Pakistan,2022-01-07,2.923376
Pakistan,2022-01-08,3.3794394
Pakistan,2022-01-09,3.8413644
Pakistan,2022-01-10,4.414667
Pakistan,2022-01-11,4.966281
Pakistan,2022-01-12,5.4569297
Pakistan,2022-01-13,6.1463003
Pakistan,2022-01-14,7.2800097
Pakistan,2022-01-15,8.613027
Pakistan,2022-01-16,10.337039
Pakistan,2022-01-17,11.776158
Pakistan,2022-01-18,13.3536215
Pakistan,2022-01-19,15.444594
Pakistan,2022-01-20,17.4365
Pakistan,2022-01-21,19.65761
Pakistan,2022-01-22,22.067474
Pakistan,2022-01-23,23.388767
Pakistan,2022-01-24,25.475052
Pakistan,2022-01-25,27.148651
Pakistan,2022-01-26,27.92126
Pakistan,2022-01-27,27.75947
Pakistan,2022-01-28,28.187983
Pakistan,2022-01-29,28.484013
Pakistan,2022-01-30,29.30645
Pakistan,2022-01-31,29.53624
Pakistan,2022-02-01,29.45007
Pakistan,2022-02-02,28.849215
Pakistan,2022-02-03,29.359795
Pakistan,2022-02-04,28.371462
Pakistan,2022-02-05,27.312786
Pakistan,2022-02-06,26.312143
Pakistan,2022-02-07,24.49258
Pakistan,2022-02-08,22.317781
Pakistan,2022-02-09,20.835869
Pakistan,2022-02-10,19.771332
Pakistan,2022-02-11,18.634691
Pakistan,2022-02-12,16.947023
Pakistan,2022-02-13,15.06122
Pakistan,2022-02-14,14.08344
Pakistan,2022-02-15,13.629135
Pakistan,2022-02-16,13.510722
Pakistan,2022-02-17,12.463771
Pakistan,2022-02-18,11.851778
Pakistan,2022-02-19,11.208132
Pakistan,2022-02-20,10.600829
Pakistan,2022-02-21,9.685185
Pakistan,2022-02-22,8.979988
Pakistan,2022-02-23,8.020966
Pakistan,2022-02-24,7.298182
Pakistan,2022-02-25,6.46871
Pakistan,2022-02-26,5.7195473
Pakistan,2022-02-27,5.2646565
Pakistan,2022-02-28,4.7974553
Pakistan,2022-03-01,4.502011
Pakistan,2022-03-02,4.443391
Pakistan,2022-03-03,4.169636
Pakistan,2022-03-04,3.766917
Pakistan,2022-03-05,3.6678493
Pakistan,2022-03-06,3.4269214
Pakistan,2022-03-07,3.372991
Pakistan,2022-03-08,3.314371
Pakistan,2022-03-09,3.031237
Pakistan,2022-03-10,3.0271335
Pakistan,2022-03-11,2.9515138
Pakistan,2022-03-12,2.8166878
Pakistan,2022-03-13,2.684793
Pakistan,2022-03-14,2.5992079
Pakistan,2022-03-15,2.4268653
Pakistan,2022-03-16,2.4825542
Pakistan,2022-03-17,2.3272114
Pakistan,2022-03-18,2.2539365
Pakistan,2022-03-19,2.0622494
Pakistan,2022-03-20,2.0106637
Pakistan,2022-03-21,1.8734931
Pakistan,2022-03-22,1.7802874
Pakistan,2022-03-23,1.6366686
Pakistan,2022-03-24,1.6073586
Pakistan,2022-03-25,1.429154
Pakistan,2022-03-26,1.3898786
Pakistan,2022-03-27,1.2175361
Pakistan,2022-03-28,1.1794331
Pakistan,2022-03-29,1.1108477
Pakistan,2022-03-30,1.134882
Pakistan,2022-03-31,0.9889183
Pakistan,2022-04-01,1.008849
Pakistan,2022-04-02,0.9215054
Pakistan,2022-04-03,0.9326432
Pakistan,2022-04-04,0.9179882
Pakistan,2022-04-05,0.8992298
Pakistan,2022-04-06,0.83240306
Pakistan,2022-04-07,0.8054379
Pakistan,2022-04-08,0.76205915
Pakistan,2022-04-09,0.7391974
Pakistan,2022-04-10,0.75678337
Pakistan,2022-04-11,0.6459917
Pakistan,2022-04-12,0.61316454
Pakistan,2022-04-13,0.558648
Pakistan,2022-04-14,0.53109664
Pakistan,2022-04-15,0.5035452
Pakistan,2022-04-16,0.49299365
Pakistan,2022-04-17,0.39802936
Pakistan,2022-04-18,0.39861557
Pakistan,2022-04-19,0.38689157
Pakistan,2022-04-20,0.40037414
Pakistan,2022-04-21,0.38513297
Pakistan,2022-04-22,0.37340897
Pakistan,2022-04-23,0.3482024
Pakistan,2022-04-24,0.35171962
Pakistan,2022-04-25,0.3564092
Pakistan,2022-04-26,0.36930558
Pakistan,2022-04-27,0.31947866
Pakistan,2022-04-28,0.2755137
Pakistan,2022-04-29,0.21513516
Pakistan,2022-04-30,0.16823922
Pakistan,2022-05-01,0.12017087
Pakistan,2022-05-02,0.058619935
Pakistan,2022-05-03,0
Pakistan,2022-05-04,0
Pakistan,2022-05-05,0
Pakistan,2022-05-06,0
Pakistan,2022-05-07,0
Pakistan,2022-05-08,0
Pakistan,2022-05-09,0.45840788
Pakistan,2022-05-10,0.49592465
Pakistan,2022-05-11,0.51409686
Pakistan,2022-05-12,0.51409686
Pakistan,2022-05-13,0.51409686
Pakistan,2022-05-14,0.66006047
Pakistan,2022-05-15,0.7098874
Pakistan,2022-05-16,0.30072027
Pakistan,2022-05-17,0.32299584
Pakistan,2022-05-18,0.33530602
Pakistan,2022-05-19,0.37399518
Pakistan,2022-05-20,0.42616692
Pakistan,2022-05-21,0.32768545
Pakistan,2022-05-22,0.31889245
Pakistan,2022-05-23,0.2790309
Pakistan,2022-05-24,0.2837205
Pakistan,2022-05-25,0.28899628
Pakistan,2022-05-26,0.30423746
Pakistan,2022-05-27,0.29661688
Pakistan,2022-05-28,0.29544446
Pakistan,2022-05-29,0.30716845
Pakistan,2022-05-30,0.32709923
Pakistan,2022-05-31,0.29075488
Pakistan,2022-06-01,0.2866515
Pakistan,2022-06-02,0.2714103
Pakistan,2022-06-03,0.2661345
Pakistan,2022-06-04,0.24092793
Pakistan,2022-06-05,0.24327274
Pakistan,2022-06-06,0.24620372
Pakistan,2022-06-07,0.25265193
Pakistan,2022-06-08,0.2503071
Pakistan,2022-06-09,0.24913472
Pakistan,2022-06-10,0.2620311
Pakistan,2022-06-11,0.28313428
Pakistan,2022-06-12,0.2708241
Pakistan,2022-06-13,0.2778585
Pakistan,2022-06-14,0.29837546
Pakistan,2022-06-15,0.30072027
Pakistan,2022-06-16,0.32768545
Pakistan,2022-06-17,0.3599264
Pakistan,2022-06-18,0.37516758
Pakistan,2022-06-19,0.42089114
Pakistan,2022-06-20,0.4707181
Pakistan,2022-06-21,0.51585543
Pakistan,2022-06-22,0.5504412
Pakistan,2022-06-23,0.6055439
Pakistan,2022-06-24,0.67823267
Pakistan,2022-06-25,0.8019207
Pakistan,2022-06-26,0.9684013
Pakistan,2022-06-27,1.117296
Pakistan,2022-06-28,1.2409841
Pakistan,2022-06-29,1.3699479
Pakistan,2022-06-30,1.567497
Pakistan,2022-07-01,1.7861494
Pakistan,2022-07-02,2.0118363
Pakistan,2022-07-03,2.2363505
Pakistan,2022-07-04,2.379383
Pakistan,2022-07-05,2.5511396
Pakistan,2022-07-06,2.7387233
Pakistan,2022-07-07,2.89348
Pakistan,2022-07-08,3.028892
Pakistan,2022-07-09,3.0283058
Pakistan,2022-07-10,2.9778926
Pakistan,2022-07-11,2.8911352
Pakistan,2022-07-12,2.7129307
Pakistan,2022-07-13,2.4796233
Pakistan,2022-07-14,2.1460757
Pakistan,2022-07-15,1.8635278
Pakistan,2022-07-16,1.9139409
Pakistan,2022-07-17,1.9168719
Pakistan,2022-07-18,1.9772505
Pakistan,2022-07-19,2.0481806
Pakistan,2022-07-20,2.1677651
Pakistan,2022-07-21,2.3764522
Pakistan,2022-07-22,2.498968
Pakistan,2022-07-23,2.440348
Pakistan,2022-07-24,2.414555
Pakistan,2022-07-25,2.3717625
Pakistan,2022-07-26,2.4245205
Pakistan,2022-07-27,2.372935
Pakistan,2022-07-28,2.3893485
Pakistan,2022-07-29,2.4843128
Pakistan,2022-07-30,2.4925196
Pakistan,2022-07-31,2.4409342
Pakistan,2022-08-01,2.5165539
Pakistan,2022-08-02,2.5599325
Pakistan,2022-08-03,2.5722427
Pakistan,2022-08-04,2.6812758
Pakistan,2022-08-05,2.6390696
Pakistan,2022-08-06,2.6724827
Pakistan,2022-08-07,2.7123444
Pakistan,2022-08-08,2.702379
Pakistan,2022-08-09,2.6859655
Pakistan,2022-08-10,2.7029653
Pakistan,2022-08-11,2.4368308
Pakistan,2022-08-12,2.2398677
Pakistan,2022-08-13,2.1660066
Pakistan,2022-08-14,2.1982477
Pakistan,2022-08-15,2.161317
Pakistan,2022-08-16,2.0622494
Pakistan,2022-08-17,2.0253189
Pakistan,2022-08-18,2.1273174
Pakistan,2022-08-19,2.2592123
Pakistan,2022-08-20,2.1923857
Pakistan,2022-08-21,2.028836
Pakistan,2022-08-22,1.9625955
Pakistan,2022-08-23,1.9373889
Pakistan,2022-08-24,1.8547348
Pakistan,2022-08-25,1.7093573
Pakistan,2022-08-26,1.5540144
Pakistan,2022-08-27,1.5088772
Pakistan,2022-08-28,1.4156715
Pakistan,2022-08-29,1.2996039
Pakistan,2022-08-30,1.1882261
Pakistan,2022-08-31,1.1606747
Pakistan,2022-09-01,1.1307786
Pakistan,2022-09-02,1.0756758
Pakistan,2022-09-03,0.96371174
Pakistan,2022-09-04,0.94084996
Pakistan,2022-09-05,0.9162296
Pakistan,2022-09-06,0.8951264
Pakistan,2022-09-07,0.85292006
Pakistan,2022-09-08,0.8124723
Pakistan,2022-09-09,0.78609335
Pakistan,2022-09-10,0.738025
Pakistan,2022-09-11,0.68233603
Pakistan,2022-09-12,0.6301643
Pakistan,2022-09-13,0.58033735
Pakistan,2022-09-14,0.58092356
Pakistan,2022-09-15,0.55747557
Pakistan,2022-09-16,0.5240622
Pakistan,2022-09-17,0.48771787
Pakistan,2022-09-18,0.4572355
Pakistan,2022-09-19,0.42851174
Pakistan,2022-09-20,0.40916714
Pakistan,2022-09-21,0.3757538
Pakistan,2022-09-22,0.33706462
Pakistan,2022-09-23,0.3394094
Pakistan,2022-09-24,0.33647844
Pakistan,2022-09-25,0.31478906
Pakistan,2022-09-26,0.2895825
Pakistan,2022-09-27,0.2796171
Pakistan,2022-09-28,0.2778585
Pakistan,2022-09-29,0.29309967
Pakistan,2022-09-30,0.2614449
Pakistan,2022-10-01,0.23213494
Pakistan,2022-10-02,0.19285959
Pakistan,2022-10-03,0.2614449
Pakistan,2022-10-04,0.22920394
Pakistan,2022-10-05,0.21572135
Pakistan,2022-10-06,0.16999781
Pakistan,2022-10-07,0.13072245
Pakistan,2022-10-08,0.1893424
Pakistan,2022-10-09,0.21923856
Pakistan,2022-10-10,0.12310186
Pakistan,2022-10-11,0.12310186
Pakistan,2022-10-12,0.113722675
Pakistan,2022-10-13,0.113722675
Pakistan,2022-10-14,0.113722675
Pakistan,2022-10-15,0.029896166
Pakistan,2022-10-16,0
Pakistan,2022-10-17,0.20341118
Pakistan,2022-10-18,0.20341118
Pakistan,2022-10-19,0.20341118
Pakistan,2022-10-20,0.20341118
Pakistan,2022-10-21,0.20341118
Pakistan,2022-10-22,0.20341118
Pakistan,2022-10-23,0.20341118
Pakistan,2022-10-24,0.21747996
Pakistan,2022-10-25,0.23799694
Pakistan,2022-10-26,0.23799694
Pakistan,2022-10-27,0.23799694
Pakistan,2022-10-28,0.31303045
Pakistan,2022-10-29,0.35347822
Pakistan,2022-10-30,0.35347822
Pakistan,2022-10-31,0.22099715
Pakistan,2022-11-01,0.20048018
Pakistan,2022-11-02,0.21630757
Pakistan,2022-11-03,0.2591001
Pakistan,2022-11-04,0.22392815
Pakistan,2022-11-05,0.20692837
Pakistan,2022-11-06,0.23389354
Pakistan,2022-11-07,0.1711702
Pakistan,2022-11-08,0.19930778
Pakistan,2022-11-09,0.19813538
Pakistan,2022-11-10,0.1776184
Pakistan,2022-11-11,0.16003242
Pakistan,2022-11-12,0.16061862
Pakistan,2022-11-13,0.16120481
Pakistan,2022-11-14,0.16354962
Pakistan,2022-11-15,0.15944622
Pakistan,2022-11-16,0.16354962
Pakistan,2022-11-17,0.16003242
Pakistan,2022-11-18,0.1711702
Pakistan,2022-11-19,0.16179103
Pakistan,2022-11-20,0.15886003
Pakistan,2022-11-21,0.15123944
Pakistan,2022-11-22,0.13717064
Pakistan,2022-11-23,0.13306725
Pakistan,2022-11-24,0.13013625
Pakistan,2022-11-25,0.12192947
Pakistan,2022-11-26,0.12486046
Pakistan,2022-11-27,0.11606747
Pakistan,2022-11-28,0.11723987
Pakistan,2022-11-29,0.123688065
Pakistan,2022-11-30,0.12192947
Pakistan,2022-12-01,0.12896386
Pakistan,2022-12-02,0.12720525
Pakistan,2022-12-03,0.123688065
Pakistan,2022-12-04,0.12192947
Pakistan,2022-12-05,0.113722675
Pakistan,2022-12-06,0.12017087
Pakistan,2022-12-07,0.12192947
Pakistan,2022-12-08,0.11548127
Pakistan,2022-12-09,0.10610208
Pakistan,2022-12-10,0.10258488
Pakistan,2022-12-11,0.0885161
Pakistan,2022-12-12,0.07855071
Pakistan,2022-12-13,0.05568894
Pakistan,2022-12-14,0.041033953
Pakistan,2022-12-15,0.024620373
Pakistan,2022-12-16,0.010551589
Pakistan,2022-12-17,0
Pakistan,2022-12-18,0.03634436
Pakistan,2022-12-19,0.03634436
Pakistan,2022-12-20,0.03634436
Pakistan,2022-12-21,0.03634436
Pakistan,2022-12-22,0.03634436
Pakistan,2022-12-23,0.03634436
Pakistan,2022-12-24,0.03634436
Pakistan,2022-12-25,0.09672289
Pakistan,2022-12-26,0.09672289
Pakistan,2022-12-27,0.09672289
Pakistan,2022-12-28,0.09672289
Pakistan,2022-12-29,0.09672289
Pakistan,2022-12-30,0.09672289
Pakistan,2022-12-31,0.09672289
Pakistan,2023-01-01,0
Pakistan,2023-01-02,0.0902747
Pakistan,2023-01-03,0.0902747
Pakistan,2023-01-04,0.10610208
Pakistan,2023-01-05,0.11899847
Pakistan,2023-01-06,0.13834305
Pakistan,2023-01-07,0.15182564
Pakistan,2023-01-08,0.15182564
Pakistan,2023-01-09,0.08617131
Pakistan,2023-01-10,0.0961367
Pakistan,2023-01-11,0.08441271
Pakistan,2023-01-12,0.08030931
Pakistan,2023-01-13,0.07620592
Pakistan,2023-01-14,0.07444732
Pakistan,2023-01-15,0.07444732
Pakistan,2023-01-16,0.06858532
Pakistan,2023-01-17,0.065068126
Pakistan,2023-01-18,0.06389573
Pakistan,2023-01-19,0.069171526
Pakistan,2023-01-20,0.06389573
Pakistan,2023-01-21,0.06448193
Pakistan,2023-01-22,0.07561972
Pakistan,2023-01-23,0.06213713
Pakistan,2023-01-24,0.06155093
Pakistan,2023-01-25,0.060378533
Pakistan,2023-01-26,0.05334414
Pakistan,2023-01-27,0.05568894
Pakistan,2023-01-28,0.051585544
Pakistan,2023-01-29,0.050413143
Pakistan,2023-01-30,0.05568894
Pakistan,2023-01-31,0.058619935
Pakistan,2023-02-01,0.06155093
Pakistan,2023-02-02,0.06565433
Pakistan,2023-02-03,0.06448193
Pakistan,2023-02-04,0.06330953
Pakistan,2023-02-05,0.06389573
Pakistan,2023-02-06,0.06330953
Pakistan,2023-02-07,0.06565433
Pakistan,2023-02-08,0.06858532
Pakistan,2023-02-09,0.06682672
Pakistan,2023-02-10,0.06565433
Pakistan,2023-02-11,0.07093012
Pakistan,2023-02-12,0.077964514
Pakistan,2023-02-13,0.08089551
Pakistan,2023-02-14,0.08265411
Pakistan,2023-02-15,0.08265411
Pakistan,2023-02-16,0.0855851
Pakistan,2023-02-17,0.093791895
Pakistan,2023-02-18,0.10317109
Pakistan,2023-02-19,0.09555049
Pakistan,2023-02-20,0.10024009
Pakistan,2023-02-21,0.09730909
Pakistan,2023-02-22,0.10844688
Pakistan,2023-02-23,0.0961367
Pakistan,2023-02-24,0.077964514
Pakistan,2023-02-25,0.090860896
Pakistan,2023-02-26,0.08089551
Pakistan,2023-02-27,0.13365345
Pakistan,2023-02-28,0.13717064
Pakistan,2023-03-01,0.13189486
Pakistan,2023-03-02,0.15358423
Pakistan,2023-03-03,0.17234261
Pakistan,2023-03-04,0.16237722
Pakistan,2023-03-05,0.1893424
Pakistan,2023-03-06,0.14537744
Pakistan,2023-03-07,0.16120481
Pakistan,2023-03-08,0.16530822
Pakistan,2023-03-09,0.16999781
Pakistan,2023-03-10,0.1805494
Pakistan,2023-03-11,0.19872157
Pakistan,2023-03-12,0.21337657
Pakistan,2023-03-13,0.23213494
Pakistan,2023-03-14,0.25382432
Pakistan,2023-03-15,0.2673069
Pakistan,2023-03-16,0.29075488
Pakistan,2023-03-17,0.33706462
Pakistan,2023-03-18,0.37223658
Pakistan,2023-03-19,0.39451218
Pakistan,2023-03-20,0.40975335
Pakistan,2023-03-21,0.41737393
Pakistan,2023-03-22,0.4478563
Pakistan,2023-03-23,0.47775248
Pakistan,2023-03-24,0.5006142
Pakistan,2023-03-25,0.51057965
Pakistan,2023-03-26,0.49885565
Pakistan,2023-03-27,0.5006142
Pakistan,2023-03-28,0.51995885
Pakistan,2023-03-29,0.48771787
Pakistan,2023-03-30,0.47189048
Pakistan,2023-03-31,0.44082192
Pakistan,2023-04-01,0.41033953
Pakistan,2023-04-02,0.40916714
Pakistan,2023-04-03,0.37927097
Pakistan,2023-04-04,0.33354744
Pakistan,2023-04-05,0.33178884
Pakistan,2023-04-06,0.29661688
Pakistan,2023-04-07,0.2632035
Pakistan,2023-04-08,0.23682454
Pakistan,2023-04-09,0.21337657
Pakistan,2023-04-10,0.21396276
Pakistan,2023-04-11,0.19813538
Pakistan,2023-04-12,0.1922734
Pakistan,2023-04-13,0.18699759
Pakistan,2023-04-14,0.16941161
Pakistan,2023-04-15,0.179377
Pakistan,2023-04-16,0.19110098
Pakistan,2023-04-17,0.16999781
Pakistan,2023-04-18,0.16823922
Pakistan,2023-04-19,0.16179103
Pakistan,2023-04-20,0.15651523
Pakistan,2023-04-21,0.15534283
Pakistan,2023-04-22,0.12603286
Pakistan,2023-04-23,0.09965389
Pakistan,2023-04-24,0.09555049
Pakistan,2023-04-25,0.090860896
Pakistan,2023-04-26,0.08089551
Pakistan,2023-04-27,0.06682672
Pakistan,2023-04-28,0.06389573
Pakistan,2023-04-29,0.05217174
Pakistan,2023-04-30,0.039275356
Pakistan,2023-05-01,0.031654764
Pakistan,2023-05-02,0.021689376
Pakistan,2023-05-03,0.016413582
Pakistan,2023-05-04,0.012310186
Pakistan,2023-05-05,0
Pakistan,2023-05-06,0
Pakistan,2023-05-07,0
Pakistan,2023-05-08,0
Pakistan,2023-05-09,0
Pakistan,2023-05-10,0
Pakistan,2023-05-11,0
Pakistan,2023-05-12,0
Pakistan,2023-05-13,0
Pakistan,2023-05-14,0
Pakistan,2023-05-15,0
Pakistan,2023-05-16,0
Pakistan,2023-05-17,0
Pakistan,2023-05-18,0
Pakistan,2023-05-19,0
Pakistan,2023-05-20,0
Pakistan,2023-05-21,0
Pakistan,2023-05-22,0
Pakistan,2023-05-23,0
Pakistan,2023-05-24,0
Pakistan,2023-05-25,0
Pakistan,2023-05-26,0
Pakistan,2023-05-27,0
Pakistan,2023-05-28,0
Pakistan,2023-05-29,0
Pakistan,2023-05-30,0
Pakistan,2023-05-31,0
Pakistan,2023-06-01,0
Pakistan,2023-06-02,0
Pakistan,2023-06-03,0
Pakistan,2023-06-04,0
Pakistan,2023-06-05,0
Pakistan,2023-06-06,0
Pakistan,2023-06-07,0
Pakistan,2023-06-08,0
Pakistan,2023-06-09,0
Pakistan,2023-06-10,0
Pakistan,2023-06-11,0
Pakistan,2023-06-12,0
Pakistan,2023-06-13,0
Pakistan,2023-06-14,0
Pakistan,2023-06-15,0
Pakistan,2023-06-16,0
Pakistan,2023-06-17,0
Pakistan,2023-06-18,0
Pakistan,2023-06-19,0
Pakistan,2023-06-20,0
Pakistan,2023-06-21,0
Pakistan,2023-06-22,0
Pakistan,2023-06-23,0
Pakistan,2023-06-24,0
Pakistan,2023-06-25,0
Pakistan,2023-06-26,0
Pakistan,2023-06-27,0
Pakistan,2023-06-28,0
Pakistan,2023-06-29,0
Pakistan,2023-06-30,0
Pakistan,2023-07-01,0
Pakistan,2023-07-02,0
Pakistan,2023-07-03,0
Pakistan,2023-07-04,0
Pakistan,2023-07-05,0
Pakistan,2023-07-06,0
Pakistan,2023-07-07,0
Pakistan,2023-07-08,0
Pakistan,2023-07-09,0
Pakistan,2023-07-10,0
Pakistan,2023-07-11,0
Pakistan,2023-07-12,0
Pakistan,2023-07-13,0
Pakistan,2023-07-14,0
Pakistan,2023-07-15,0
Pakistan,2023-07-16,0
Pakistan,2023-07-17,0
Pakistan,2023-07-18,0
Pakistan,2023-07-19,0
Pakistan,2023-07-20,0
Pakistan,2023-07-21,0
Pakistan,2023-07-22,0
Pakistan,2023-07-23,0
Pakistan,2023-07-24,0
Pakistan,2023-07-25,0
Pakistan,2023-07-26,0
Pakistan,2023-07-27,0
Pakistan,2023-07-28,0
Pakistan,2023-07-29,0
Pakistan,2023-07-30,0
Pakistan,2023-07-31,0
Pakistan,2023-08-01,0
Pakistan,2023-08-02,0
Pakistan,2023-08-03,0
Pakistan,2023-08-04,0
Pakistan,2023-08-05,0
Pakistan,2023-08-06,0
Pakistan,2023-08-07,0
Pakistan,2023-08-08,0
Pakistan,2023-08-09,0
Pakistan,2023-08-10,0
Pakistan,2023-08-11,0
Pakistan,2023-08-12,0
Pakistan,2023-08-13,0
Pakistan,2023-08-14,0
Pakistan,2023-08-15,0
Pakistan,2023-08-16,0
Pakistan,2023-08-17,0
Pakistan,2023-08-18,0
Pakistan,2023-08-19,0
Pakistan,2023-08-20,0
Pakistan,2023-08-21,0
Pakistan,2023-08-22,0
Pakistan,2023-08-23,0
Pakistan,2023-08-24,0
Pakistan,2023-08-25,0
Pakistan,2023-08-26,0
Pakistan,2023-08-27,0
Pakistan,2023-08-28,0
Pakistan,2023-08-29,0
Pakistan,2023-08-30,0
Pakistan,2023-08-31,0
Pakistan,2023-09-01,0
Pakistan,2023-09-02,0
Pakistan,2023-09-03,0
Pakistan,2023-09-04,0
Pakistan,2023-09-05,0
Pakistan,2023-09-06,0
Pakistan,2023-09-07,0
Pakistan,2023-09-08,0
Pakistan,2023-09-09,0
Pakistan,2023-09-10,0
Pakistan,2023-09-11,0
Pakistan,2023-09-12,0
Pakistan,2023-09-13,0
Pakistan,2023-09-14,0
Pakistan,2023-09-15,0
Pakistan,2023-09-16,0
Pakistan,2023-09-17,0
Pakistan,2023-09-18,0
Pakistan,2023-09-19,0
Pakistan,2023-09-20,0
Pakistan,2023-09-21,0
Pakistan,2023-09-22,0
Pakistan,2023-09-23,0
Pakistan,2023-09-24,0
Pakistan,2023-09-25,0
Pakistan,2023-09-26,0
Pakistan,2023-09-27,0
Pakistan,2023-09-28,0
Pakistan,2023-09-29,0
Pakistan,2023-09-30,0
Pakistan,2023-10-01,0
Pakistan,2023-10-02,0
Pakistan,2023-10-03,0
Pakistan,2023-10-04,0
Pakistan,2023-10-05,0
Pakistan,2023-10-06,0
Pakistan,2023-10-07,0
Pakistan,2023-10-08,0
Pakistan,2023-10-09,0
Pakistan,2023-10-10,0
Pakistan,2023-10-11,0
Pakistan,2023-10-12,0
Pakistan,2023-10-13,0
Pakistan,2023-10-14,0
Pakistan,2023-10-15,0
Pakistan,2023-10-16,0
Pakistan,2023-10-17,0
Pakistan,2023-10-18,0
Pakistan,2023-10-19,0
Pakistan,2023-10-20,0
Pakistan,2023-10-21,0
Pakistan,2023-10-22,0
Pakistan,2023-10-23,0
Pakistan,2023-10-24,0
Pakistan,2023-10-25,0
Pakistan,2023-10-26,0
Pakistan,2023-10-27,0
Pakistan,2023-10-28,0
Pakistan,2023-10-29,0
Pakistan,2023-10-30,0
Pakistan,2023-10-31,0
Pakistan,2023-11-01,0
Pakistan,2023-11-02,0
Pakistan,2023-11-03,0
Pakistan,2023-11-04,0
Pakistan,2023-11-05,0
Pakistan,2023-11-06,0
Pakistan,2023-11-07,0
Pakistan,2023-11-08,0
Pakistan,2023-11-09,0
Pakistan,2023-11-10,0
Pakistan,2023-11-11,0
Pakistan,2023-11-12,0
Pakistan,2023-11-13,0
Pakistan,2023-11-14,0
Pakistan,2023-11-15,0
Pakistan,2023-11-16,0
Pakistan,2023-11-17,0
Pakistan,2023-11-18,0
Pakistan,2023-11-19,0
Pakistan,2023-11-20,0
Pakistan,2023-11-21,0
Pakistan,2023-11-22,0
Pakistan,2023-11-23,0
Pakistan,2023-11-24,0
Pakistan,2023-11-25,0
Pakistan,2023-11-26,0
Pakistan,2023-11-27,0
Pakistan,2023-11-28,0
Pakistan,2023-11-29,0
Pakistan,2023-11-30,0
Pakistan,2023-12-01,0
Pakistan,2023-12-02,0
Pakistan,2023-12-03,0
Pakistan,2023-12-04,0
Pakistan,2023-12-05,0
Pakistan,2023-12-06,0
Pakistan,2023-12-07,0
Pakistan,2023-12-08,0
Pakistan,2023-12-09,0
Pakistan,2023-12-10,0
Pakistan,2023-12-11,0
Pakistan,2023-12-12,0
Pakistan,2023-12-13,0
Pakistan,2023-12-14,0
Pakistan,2023-12-15,0
Pakistan,2023-12-16,0
Pakistan,2023-12-17,0
Pakistan,2023-12-18,0
Pakistan,2023-12-19,0
Pakistan,2023-12-20,0
Pakistan,2023-12-21,0
Pakistan,2023-12-22,0
Pakistan,2023-12-23,0
Pakistan,2023-12-24,0
Pakistan,2023-12-25,0
Pakistan,2023-12-26,0
Pakistan,2023-12-27,0
Pakistan,2023-12-28,0
Pakistan,2023-12-29,0
Pakistan,2023-12-30,0
Pakistan,2023-12-31,0
Pakistan,2024-01-01,0
Pakistan,2024-01-02,0
Pakistan,2024-01-03,0
Pakistan,2024-01-04,0
Pakistan,2024-01-05,0
Pakistan,2024-01-06,0
Pakistan,2024-01-07,0
Pakistan,2024-01-08,0
Pakistan,2024-01-09,0
Pakistan,2024-01-10,0
Pakistan,2024-01-11,0
Pakistan,2024-01-12,0
Pakistan,2024-01-13,0
Pakistan,2024-01-14,0
Pakistan,2024-01-15,0
Pakistan,2024-01-16,0
Pakistan,2024-01-17,0
Pakistan,2024-01-18,0
Pakistan,2024-01-19,0
Pakistan,2024-01-20,0
Pakistan,2024-01-21,0
Pakistan,2024-01-22,0
Pakistan,2024-01-23,0
Pakistan,2024-01-24,0
Pakistan,2024-01-25,0
Pakistan,2024-01-26,0
Pakistan,2024-01-27,0
Pakistan,2024-01-28,0
Pakistan,2024-01-29,0
Pakistan,2024-01-30,0
Pakistan,2024-01-31,0
Pakistan,2024-02-01,0
Pakistan,2024-02-02,0
Pakistan,2024-02-03,0
Pakistan,2024-02-04,0
Pakistan,2024-02-05,0
Pakistan,2024-02-06,0
Pakistan,2024-02-07,0
Pakistan,2024-02-08,0
Pakistan,2024-02-09,0
Pakistan,2024-02-10,0
Pakistan,2024-02-11,0
Pakistan,2024-02-12,0
Pakistan,2024-02-13,0
Pakistan,2024-02-14,0
Pakistan,2024-02-15,0
Pakistan,2024-02-16,0
Pakistan,2024-02-17,0
Pakistan,2024-02-18,0
Pakistan,2024-02-19,0
Pakistan,2024-02-20,0
Pakistan,2024-02-21,0
Pakistan,2024-02-22,0
Pakistan,2024-02-23,0
Pakistan,2024-02-24,0
Pakistan,2024-02-25,0
Pakistan,2024-02-26,0
Pakistan,2024-02-27,0
Pakistan,2024-02-28,0
Pakistan,2024-02-29,0
Pakistan,2024-03-01,0
Pakistan,2024-03-02,0
Pakistan,2024-03-03,0
Pakistan,2024-03-04,0
Pakistan,2024-03-05,0
Pakistan,2024-03-06,0
Pakistan,2024-03-07,0
Pakistan,2024-03-08,0
Pakistan,2024-03-09,0
Pakistan,2024-03-10,0
Pakistan,2024-03-11,0
Pakistan,2024-03-12,0
Pakistan,2024-03-13,0
Pakistan,2024-03-14,0
Pakistan,2024-03-15,0
Pakistan,2024-03-16,0
Pakistan,2024-03-17,0
Pakistan,2024-03-18,0
Pakistan,2024-03-19,0
Pakistan,2024-03-20,0
Pakistan,2024-03-21,0
Pakistan,2024-03-22,0
Pakistan,2024-03-23,0
Pakistan,2024-03-24,0
Pakistan,2024-03-25,0
Pakistan,2024-03-26,0
Pakistan,2024-03-27,0
Pakistan,2024-03-28,0
Pakistan,2024-03-29,0
Pakistan,2024-03-30,0
Pakistan,2024-03-31,0
Pakistan,2024-04-01,0
Pakistan,2024-04-02,0
Pakistan,2024-04-03,0
Pakistan,2024-04-04,0
Pakistan,2024-04-05,0
Pakistan,2024-04-06,0
Pakistan,2024-04-07,0
Pakistan,2024-04-08,0
Pakistan,2024-04-09,0
Pakistan,2024-04-10,0
Pakistan,2024-04-11,0
Pakistan,2024-04-12,0
Pakistan,2024-04-13,0
Pakistan,2024-04-14,0
Pakistan,2024-04-15,0
Pakistan,2024-04-16,0
Pakistan,2024-04-17,0
Pakistan,2024-04-18,0
Pakistan,2024-04-19,0
Pakistan,2024-04-20,0
Pakistan,2024-04-21,0
Pakistan,2024-04-22,0
Pakistan,2024-04-23,0
Pakistan,2024-04-24,0
Pakistan,2024-04-25,0
Pakistan,2024-04-26,0
Pakistan,2024-04-27,0
Pakistan,2024-04-28,0
Pakistan,2024-04-29,0
Pakistan,2024-04-30,0
Pakistan,2024-05-01,0
Pakistan,2024-05-02,0
Pakistan,2024-05-03,0
Pakistan,2024-05-04,0
Pakistan,2024-05-05,0
Pakistan,2024-05-06,0
Pakistan,2024-05-07,0
Pakistan,2024-05-08,0
Pakistan,2024-05-09,0
Pakistan,2024-05-10,0
Pakistan,2024-05-11,0
Pakistan,2024-05-12,0
Pakistan,2024-05-13,0
Pakistan,2024-05-14,0
Pakistan,2024-05-15,0
Pakistan,2024-05-16,0
Pakistan,2024-05-17,0
Pakistan,2024-05-18,0
Pakistan,2024-05-19,0
Pakistan,2024-05-20,0
Pakistan,2024-05-21,0
Pakistan,2024-05-22,0
Pakistan,2024-05-23,0
Pakistan,2024-05-24,0
Pakistan,2024-05-25,0
Pakistan,2024-05-26,0
Pakistan,2024-05-27,0
Pakistan,2024-05-28,0
Pakistan,2024-05-29,0
Pakistan,2024-05-30,0
Pakistan,2024-05-31,0
Pakistan,2024-06-01,0
Pakistan,2024-06-02,0
Pakistan,2024-06-03,0
Pakistan,2024-06-04,0
Pakistan,2024-06-05,0
Pakistan,2024-06-06,0
Pakistan,2024-06-07,0
Pakistan,2024-06-08,0
Pakistan,2024-06-09,0
Pakistan,2024-06-10,0
Pakistan,2024-06-11,0
Pakistan,2024-06-12,0
Pakistan,2024-06-13,0
Pakistan,2024-06-14,0
Pakistan,2024-06-15,0
Pakistan,2024-06-16,0
Pakistan,2024-06-17,0
Pakistan,2024-06-18,0
Pakistan,2024-06-19,0
Pakistan,2024-06-20,0
Pakistan,2024-06-21,0
Pakistan,2024-06-22,0
Pakistan,2024-06-23,0
Pakistan,2024-06-24,0
Pakistan,2024-06-25,0
Pakistan,2024-06-26,0
Pakistan,2024-06-27,0
Pakistan,2024-06-28,0
Pakistan,2024-06-29,0
Pakistan,2024-06-30,0
Pakistan,2024-07-01,0
Pakistan,2024-07-02,0
Pakistan,2024-07-03,0
Pakistan,2024-07-04,0
Pakistan,2024-07-05,0
Pakistan,2024-07-06,0
Pakistan,2024-07-07,0
Pakistan,2024-07-08,0
Pakistan,2024-07-09,0
Pakistan,2024-07-10,0
Pakistan,2024-07-11,0
Pakistan,2024-07-12,0
Pakistan,2024-07-13,0
Pakistan,2024-07-14,0
Pakistan,2024-07-15,0
Pakistan,2024-07-16,0
Pakistan,2024-07-17,0
Pakistan,2024-07-18,0
Pakistan,2024-07-19,0
Pakistan,2024-07-20,0
Pakistan,2024-07-21,0
Pakistan,2024-07-22,0
Pakistan,2024-07-23,0
Pakistan,2024-07-24,0
Pakistan,2024-07-25,0
Pakistan,2024-07-26,0
Pakistan,2024-07-27,0
Pakistan,2024-07-28,0
Pakistan,2024-07-29,0
Pakistan,2024-07-30,0
Pakistan,2024-07-31,0
Pakistan,2024-08-01,0
Pakistan,2024-08-02,0
Pakistan,2024-08-03,0
Pakistan,2024-08-04,0
Pakistan,2024-08-05,0
Pakistan,2024-08-06,0
Pakistan,2024-08-07,0
Pakistan,2024-08-08,0
Pakistan,2024-08-09,0
Pakistan,2024-08-10,0
Pakistan,2024-08-11,0
Pakistan,2024-08-12,0
Pakistan,2024-08-13,0
Pakistan,2024-08-14,0
Pakistan,2024-08-15,0
Pakistan,2024-08-16,0
Pakistan,2024-08-17,0
Pakistan,2024-08-18,0
Pakistan,2024-08-19,0
Pakistan,2024-08-20,0
Pakistan,2024-08-21,0
Pakistan,2024-08-22,0
Pakistan,2024-08-23,0
Pakistan,2024-08-24,0
Pakistan,2024-08-25,0
Pakistan,2024-08-26,0
Pakistan,2024-08-27,0
Pakistan,2024-08-28,0
Pakistan,2024-08-29,0
Pakistan,2024-08-30,0
Pakistan,2024-08-31,0
Pakistan,2024-09-01,0
Pakistan,2024-09-02,0
Pakistan,2024-09-03,0
Pakistan,2024-09-04,0
Pakistan,2024-09-05,0
Pakistan,2024-09-06,0
Pakistan,2024-09-07,0
Pakistan,2024-09-08,0
Pakistan,2024-09-09,0
Pakistan,2024-09-10,0
Pakistan,2024-09-11,0
Pakistan,2024-09-12,0
Pakistan,2024-09-13,0
Pakistan,2024-09-14,0
Pakistan,2024-09-15,0
Pakistan,2024-09-16,0
Pakistan,2024-09-17,0
Pakistan,2024-09-18,0
Pakistan,2024-09-19,0
Pakistan,2024-09-20,0
Pakistan,2024-09-21,0
Pakistan,2024-09-22,0
Pakistan,2024-09-23,0
Pakistan,2024-09-24,0
Pakistan,2024-09-25,0
Pakistan,2024-09-26,0
Pakistan,2024-09-27,0
Pakistan,2024-09-28,0
Pakistan,2024-09-29,0
Pakistan,2024-09-30,0
Pakistan,2024-10-01,0
Pakistan,2024-10-02,0
Pakistan,2024-10-03,0
Pakistan,2024-10-04,0
Pakistan,2024-10-05,0
Pakistan,2024-10-06,0
Pakistan,2024-10-07,0
Pakistan,2024-10-08,0
Pakistan,2024-10-09,0
Pakistan,2024-10-10,0
Pakistan,2024-10-11,0
Pakistan,2024-10-12,0
Pakistan,2024-10-13,0
Pakistan,2024-10-14,0
Pakistan,2024-10-15,0
Pakistan,2024-10-16,0
Pakistan,2024-10-17,0
Pakistan,2024-10-18,0
Pakistan,2024-10-19,0
Pakistan,2024-10-20,0
Pakistan,2024-10-21,0
Pakistan,2024-10-22,0
Pakistan,2024-10-23,0
Pakistan,2024-10-24,0
Pakistan,2024-10-25,0
Pakistan,2024-10-26,0
Pakistan,2024-10-27,0
Pakistan,2024-10-28,0
Pakistan,2024-10-29,0
Pakistan,2024-10-30,0
Pakistan,2024-10-31,0
Pakistan,2024-11-01,0
Pakistan,2024-11-02,0
Pakistan,2024-11-03,0
Pakistan,2024-11-04,0
Pakistan,2024-11-05,0
Pakistan,2024-11-06,0
Pakistan,2024-11-07,0
Pakistan,2024-11-08,0
Pakistan,2024-11-09,0
Pakistan,2024-11-10,0
Pakistan,2024-11-11,0
Pakistan,2024-11-12,0
Pakistan,2024-11-13,0
Pakistan,2024-11-14,0
Pakistan,2024-11-15,0
Pakistan,2024-11-16,0
Pakistan,2024-11-17,0
Pakistan,2024-11-18,0
Pakistan,2024-11-19,0
Pakistan,2024-11-20,0
Pakistan,2024-11-21,0
Pakistan,2024-11-22,0
Pakistan,2024-11-23,0
Pakistan,2024-11-24,0
Pakistan,2024-11-25,0
Pakistan,2024-11-26,0
Pakistan,2024-11-27,0
Pakistan,2024-11-28,0
Pakistan,2024-11-29,0
Pakistan,2024-11-30,0
Pakistan,2024-12-01,0
Pakistan,2024-12-02,0
Pakistan,2024-12-03,0
Pakistan,2024-12-04,0
Pakistan,2024-12-05,0
Pakistan,2024-12-06,0
Pakistan,2024-12-07,0
Pakistan,2024-12-08,0
Pakistan,2024-12-09,0
Pakistan,2024-12-10,0
Pakistan,2024-12-11,0
Pakistan,2024-12-12,0
Pakistan,2024-12-13,0
Pakistan,2024-12-14,0
Pakistan,2024-12-15,0
Pakistan,2024-12-16,0
Pakistan,2024-12-17,0
Pakistan,2024-12-18,0
Pakistan,2024-12-19,0
Pakistan,2024-12-20,0
Pakistan,2024-12-21,0
Pakistan,2024-12-22,0
Pakistan,2024-12-23,0
Pakistan,2024-12-24,0
Pakistan,2024-12-25,0
Pakistan,2024-12-26,0
Pakistan,2024-12-27,0
Pakistan,2024-12-28,0
Pakistan,2024-12-29,0
Pakistan,2024-12-30,0
Pakistan,2024-12-31,0
Pakistan,2025-01-01,0
Pakistan,2025-01-02,0
Pakistan,2025-01-03,0
Pakistan,2025-01-04,0
Pakistan,2025-01-05,0
Pakistan,2025-01-06,0
Pakistan,2025-01-07,0
Pakistan,2025-01-08,0
Pakistan,2025-01-09,0
Pakistan,2025-01-10,0
Pakistan,2025-01-11,0
Pakistan,2025-01-12,0
Pakistan,2025-01-13,0
Pakistan,2025-01-14,0
Pakistan,2025-01-15,0
Pakistan,2025-01-16,0
Pakistan,2025-01-17,0
Pakistan,2025-01-18,0
Pakistan,2025-01-19,0
Pakistan,2025-01-20,0
Pakistan,2025-01-21,0
Pakistan,2025-01-22,0
Pakistan,2025-01-23,0
Pakistan,2025-01-24,0
Pakistan,2025-01-25,0
Pakistan,2025-01-26,0
Pakistan,2025-01-27,0
Pakistan,2025-01-28,0
Pakistan,2025-01-29,0
Pakistan,2025-01-30,0
Pakistan,2025-01-31,0
Pakistan,2025-02-01,0
Pakistan,2025-02-02,0
Pakistan,2025-02-03,0
Pakistan,2025-02-04,0
Pakistan,2025-02-05,0
Pakistan,2025-02-06,0
Pakistan,2025-02-07,0
Pakistan,2025-02-08,0
Pakistan,2025-02-09,0
Pakistan,2025-02-10,0
Pakistan,2025-02-11,0
Pakistan,2025-02-12,0
Pakistan,2025-02-13,0
Pakistan,2025-02-14,0
Pakistan,2025-02-15,0
Pakistan,2025-02-16,0
Pakistan,2025-02-17,0
Pakistan,2025-02-18,0
Pakistan,2025-02-19,0
Pakistan,2025-02-20,0
Pakistan,2025-02-21,0
Pakistan,2025-02-22,0
Pakistan,2025-02-23,0
Pakistan,2025-02-24,0
Pakistan,2025-02-25,0
Pakistan,2025-02-26,0
Pakistan,2025-02-27,0
Pakistan,2025-02-28,0
Pakistan,2025-03-01,0
Pakistan,2025-03-02,0
Pakistan,2025-03-03,0
Pakistan,2025-03-04,0
Pakistan,2025-03-05,0
Pakistan,2025-03-06,0
Pakistan,2025-03-07,0
Pakistan,2025-03-08,0
Pakistan,2025-03-09,0
Pakistan,2025-03-10,0
Pakistan,2025-03-11,0
Pakistan,2025-03-12,0
Pakistan,2025-03-13,0
Pakistan,2025-03-14,0
Pakistan,2025-03-15,0
Pakistan,2025-03-16,0
Pakistan,2025-03-17,0
Pakistan,2025-03-18,0
Pakistan,2025-03-19,0
Pakistan,2025-03-20,0
Pakistan,2025-03-21,0
Pakistan,2025-03-22,0
Pakistan,2025-03-23,0
Pakistan,2025-03-24,0
Pakistan,2025-03-25,0
Pakistan,2025-03-26,0
Pakistan,2025-03-27,0
Pakistan,2025-03-28,0
Pakistan,2025-03-29,0
Pakistan,2025-03-30,0
Pakistan,2025-03-31,0
Pakistan,2025-04-01,0
Pakistan,2025-04-02,0
Pakistan,2025-04-03,0
Pakistan,2025-04-04,0
Pakistan,2025-04-05,0
Pakistan,2025-04-06,0
Pakistan,2025-04-07,0
Pakistan,2025-04-08,0
Pakistan,2025-04-09,0
Pakistan,2025-04-10,0
Pakistan,2025-04-11,0
Pakistan,2025-04-12,0
Pakistan,2025-04-13,0
Pakistan,2025-04-14,0
Pakistan,2025-04-15,0
Pakistan,2025-04-16,0
Pakistan,2025-04-17,0
Pakistan,2025-04-18,0
Pakistan,2025-04-19,0
Pakistan,2025-04-20,0
Pakistan,2025-04-21,0
Pakistan,2025-04-22,0
Pakistan,2025-04-23,0
Pakistan,2025-04-24,0
Pakistan,2025-04-25,0
Pakistan,2025-04-26,0
Pakistan,2025-04-27,0
Pakistan,2025-04-28,0
Pakistan,2025-04-29,0
Pakistan,2025-04-30,0
Pakistan,2025-05-01,0
Pakistan,2025-05-02,0
Pakistan,2025-05-03,0
Pakistan,2025-05-04,0
Pakistan,2025-05-05,0
Pakistan,2025-05-06,0
Pakistan,2025-05-07,0
Pakistan,2025-05-08,0
Pakistan,2025-05-09,0
Pakistan,2025-05-10,0
Pakistan,2025-05-11,0
Pakistan,2025-05-12,0
Pakistan,2025-05-13,0
Pakistan,2025-05-14,0
Pakistan,2025-05-15,0
Pakistan,2025-05-16,0
Pakistan,2025-05-17,0
Pakistan,2025-05-18,0
Pakistan,2025-05-19,0
Pakistan,2025-05-20,0
Pakistan,2025-05-21,0
Pakistan,2025-05-22,0
Pakistan,2025-05-23,0
Pakistan,2025-05-24,0
Pakistan,2025-05-25,0
Pakistan,2025-05-26,0
Pakistan,2025-05-27,0
Pakistan,2025-05-28,0
Pakistan,2025-05-29,0
Pakistan,2025-05-30,0
Pakistan,2025-05-31,0
Pakistan,2025-06-01,0
Pakistan,2025-06-02,0
Pakistan,2025-06-03,0
Pakistan,2025-06-04,0
Pakistan,2025-06-05,0
Pakistan,2025-06-06,0
Pakistan,2025-06-07,0
Pakistan,2025-06-08,0
Pakistan,2025-06-09,0
Pakistan,2025-06-10,0
Pakistan,2025-06-11,0
Pakistan,2025-06-12,0
Pakistan,2025-06-13,0
Pakistan,2025-06-14,0
Pakistan,2025-06-15,0
Pakistan,2025-06-16,0
Pakistan,2025-06-17,0
Pakistan,2025-06-18,0
Pakistan,2025-06-19,0
Pakistan,2025-06-20,0
Pakistan,2025-06-21,0
Pakistan,2025-06-22,0
Pakistan,2025-06-23,0
Pakistan,2025-06-24,0
Pakistan,2025-06-25,0
Pakistan,2025-06-26,0
Pakistan,2025-06-27,0
Pakistan,2025-06-28,0
Pakistan,2025-06-29,0
Pakistan,2025-06-30,0
Pakistan,2025-07-01,0
Pakistan,2025-07-02,0
Pakistan,2025-07-03,0
Pakistan,2025-07-04,0
Pakistan,2025-07-05,0
Pakistan,2025-07-06,0
Pakistan,2025-07-07,0
Pakistan,2025-07-08,0
Pakistan,2025-07-09,0
Pakistan,2025-07-10,0
Pakistan,2025-07-11,0
Pakistan,2025-07-12,0
Pakistan,2025-07-13,0
Pakistan,2025-07-14,0
Pakistan,2025-07-15,0
Pakistan,2025-07-16,0
Pakistan,2025-07-17,0
Pakistan,2025-07-18,0
Pakistan,2025-07-19,0
Pakistan,2025-07-20,0
